File_Name,Article_Link,Article_Snippet,Question,Answer,Distractors,Comments,prompt,completion
NA,https://www.economist.com/graphic-detail/2023/01/13/americas-far-right-is-increasingly-protesting-against-lgbt-people,"Protests against lesbian, gay, bisexual and transgender (lgbt) Americans and their rights are on the rise. Their number more than tripled in 2022—and they accounted for about two-thirds of all far-right protests in December.",Which type of protests from America's far right increased the most in 2022? ,1) Against LGBT,"2) Pro white nationalism 4) Against vaccines
3) Against abortions",,"Protests against lesbian, gay, bisexual and transgender (lgbt) Americans and their rights are on the rise. Their number more than tripled in 2022—and they accounted for about two-thirds of all far-right protests in December.",Which type of protests from America's far right increased the most in 2022? 
NA,https://www.economist.com/graphic-detail/2023/01/12/europes-freakish-winter-heatwave-breaks-records,"The continent experienced its second-hottest year since records began in 1950, according to Copernicus, the eu’s Earth-observation programme.",True/False: The temperature in the 2022-2023 winter is at an average level compared to the previous ten years.,FALSE,TRUE,,"The continent experienced its second-hottest year since records began in 1950, according to Copernicus, the eu’s Earth-observation programme.",True/False: The temperature in the 2022-2023 winter is at an average level compared to the previous ten years.
NA,https://www.economist.com/graphic-detail/2023/01/12/europes-freakish-winter-heatwave-breaks-records,"It came at the end of what has been the hottest year on record in Britain, France, Ireland and Spain, according to national weather services.",Which of these countries had the hottest year on record for 2022?,1) Britain,"2) Bulgaria
3) Turkey
4) Switzerland",Not related to the graph - data is not shown on graph,"It came at the end of what has been the hottest year on record in Britain, France, Ireland and Spain, according to national weather services.",Which of these countries had the hottest year on record for 2022?
NA,https://www.economist.com/graphic-detail/2023/01/12/europes-freakish-winter-heatwave-breaks-records,In Switzerland the average maximum temperature from December 14th to January 10th was 1.6°C higher than the average of the same 28-day period between 2012 and 2021 (see chart).,How much higher was Switzerland's temperature for the 28-day period before January 10 versus the average for the last 10 years?,1) 1.6 deg cel,"2) 2 deg cel, 3) -1 deg cel, 4) .5 deg celsius",,In Switzerland the average maximum temperature from December 14th to January 10th was 1.6°C higher than the average of the same 28-day period between 2012 and 2021 (see chart).,How much higher was Switzerland's temperature for the 28-day period before January 10 versus the average for the last 10 years?
20-years-of-terror.md,https://www.dropbox.com/s/vb6d3j7vbu6otxb/20-years-of-terror.md?dl=0,"THE attacks of September 11th 2001 killed 2,996 people. Despite the subsequent declaration of a war on terror, over the past ten years thousands more have been killed by terrorists of all hues.",What is the smallest number of annual global terrorism death worldwide in 1991-2010?  ,"1) 3,000","2) 5,000
3) 2,000",,"THE attacks of September 11th 2001 killed 2,996 people. Despite the subsequent declaration of a war on terror, over the past ten years thousands more have been killed by terrorists of all hues.",What is the smallest number of annual global terrorism death worldwide in 1991-2010?  
20-years-of-terror.md,https://www.dropbox.com/s/vb6d3j7vbu6otxb/20-years-of-terror.md?dl=0,"THE attacks of September 11th 2001 killed 2,996 people. Despite the subsequent declaration of a war on terror, over the past ten years thousands more have been killed by terrorists of all hues.",What was the trend of global terrorism deaths from 2001 to 2010?,1) increasing,"2) decreasing
3) constant",,"THE attacks of September 11th 2001 killed 2,996 people. Despite the subsequent declaration of a war on terror, over the past ten years thousands more have been killed by terrorists of all hues.",What was the trend of global terrorism deaths from 2001 to 2010?
a-weeks-wages.md,https://www.dropbox.com/s/jtpdmmazfrcoaht/a-weeks-wages.md?dl=0,"IT TOOK around ten days for the average Italian worker to make the €767 ($957) that his firm's chief executive made in an hour in 2012, according to calculations by The Economist.",How long must an average Italian work to make what their companies' CEO earns in an hour?,1) Ten days,"2) Five days
3) Fifteen days
4) Three days",,"IT TOOK around ten days for the average Italian worker to make the €767 ($957) that his firm's chief executive made in an hour in 2012, according to calculations by The Economist.",How long must an average Italian work to make what their companies' CEO earns in an hour?
a-weeks-wages.md,https://www.dropbox.com/s/jtpdmmazfrcoaht/a-weeks-wages.md?dl=0,The pay gap between the top brass and the lowliest worker is generally greatest in former Soviet countries—and Spain and Italy. ,True/False: The pay gap between executives and workers is generally greatest in former Soviet countries. ,TRUE,FALSE,,The pay gap between the top brass and the lowliest worker is generally greatest in former Soviet countries—and Spain and Italy. ,True/False: The pay gap between executives and workers is generally greatest in former Soviet countries. 
a-weeks-wages.md,https://www.dropbox.com/s/jtpdmmazfrcoaht/a-weeks-wages.md?dl=0,"The disparity is smallest in Nordic countries, and in Switzerland, where presumably everyone is paid well.",What European country has the smallest pay disparity between executives and workers? ,1) Norway,"2) Britain
3) Spain
4) Romania",,"The disparity is smallest in Nordic countries, and in Switzerland, where presumably everyone is paid well.",What European country has the smallest pay disparity between executives and workers? 
30m-melancholia.md,https://www.dropbox.com/s/s4dfy67gkcehj3h/30m-melancholics.md?dl=0,A new study estimates the number of people with mental disorders in Europe. The most common condition is depression. ,What is the most common mental disorder in Europe? ,1) Depression,"2) Specific phobias
3) Eating disorders
4) Dementias",,A new study estimates the number of people with mental disorders in Europe. The most common condition is depression. ,What is the most common mental disorder in Europe? 
2015-argentine-presidential-election-primer.md,https://www.dropbox.com/s/dgw1208qbdypixg/2015-argentine-presidential-election-primer.md?dl=0,"A candidate can win in the first round by getting 45% of the vote, or 40% of the vote with a gap of ten percentage points between him and his nearest competitor. Mr Scioli, the front-runner, is close to crossing that second threshold. If he does not succeed, a run-off will be held on November 22nd.","True/False: According to the current voting intentions, we can confidently declare that the run-off will be held. ",FALSE,TRUE,Come back to this one to revise,"A candidate can win in the first round by getting 45% of the vote, or 40% of the vote with a gap of ten percentage points between him and his nearest competitor. Mr Scioli, the front-runner, is close to crossing that second threshold. If he does not succeed, a run-off will be held on November 22nd.","True/False: According to the current voting intentions, we can confidently declare that the run-off will be held. "
a-bit-expensive.md,https://www.dropbox.com/s/9hv7p22lulw8smp/a-bit-expensive.md?dl=0,"As the chart shows, online interest in the currency has spiked in recent months.",Which date is the closest to the last Bitcoin's spiking?,1) January 2013,"2) January 2011
3) Feburary 2012","""As the chart shows...""","As the chart shows, online interest in the currency has spiked in recent months.",Which date is the closest to the last Bitcoin's spiking?
a-bit-expensive.md,https://www.dropbox.com/s/9hv7p22lulw8smp/a-bit-expensive.md?dl=0,"As the chart shows, online interest in the currency has spiked in recent months.",True/False: Online interest in Bitcoin has spiked in recent months.,TRUE,FALSE,"""As the chart shows...""","As the chart shows, online interest in the currency has spiked in recent months.",True/False: Online interest in Bitcoin has spiked in recent months.
a-cut-above,https://www.dropbox.com/s/p2rb0r7hly4eb3s/a-cut-above.md?dl=0,"But when population is accounted for, South Korea tops the list. A 2009 survey by Trend Monitor, a market-research firm, suggested that one in five women in Seoul had gone under the knife.",Which country has the most plastic surgeries per population?,1) South Korea,"2) Brazil
3) America",,"But when population is accounted for, South Korea tops the list. A 2009 survey by Trend Monitor, a market-research firm, suggested that one in five women in Seoul had gone under the knife.",Which country has the most plastic surgeries per population?
a-day-in-the-life,https://www.dropbox.com/s/az01nreohmyk8sb/a-day-in-the-life.md?dl=0,"True to stereotype, the French also spend the most time eating and drinking of OECD members—indeed, they eat for almost twice as long as the Americans. ",Which OECS member has the longest eating and sleeping time?  ,1) French,"2) Turkey
3) United States",,"True to stereotype, the French also spend the most time eating and drinking of OECD members—indeed, they eat for almost twice as long as the Americans. ",Which OECS member has the longest eating and sleeping time?  
a-global-decline-in-smoking-masks-regional-variations-between-the-sexes,https://www.dropbox.com/s/zzmtoakzonwjuos/a-global-decline-in-smoking-masks-regional-variations-between-the-sexes.md?dl=0,In some places women are taking up the habit even as men quit,Which is the most common condition worldwide regarding smoking?,"1) Female decrease, male decrease","2) Female increase, male decrease
3) Female increase, male increase",,In some places women are taking up the habit even as men quit,Which is the most common condition worldwide regarding smoking?
A-historic-election-result-in-myanmar,https://www.dropbox.com/s/7pgj93bopqf38c8/a-historic-election-result-in-myanmar.md?dl=0,"MYANMAR is in the throes of change.... Economic reforms have encouraged a flow of foreign investment, while GDP is growing faster even than China's.",Which country continues experiencing GDP growth from 2008 to 2015? ,1) Myanmar,"2) Laos
3) China",,"MYANMAR is in the throes of change.... Economic reforms have encouraged a flow of foreign investment, while GDP is growing faster even than China's.",Which country continues experiencing GDP growth from 2008 to 2015? 
a-job-for-life,https://www.dropbox.com/s/2pfywx7ksfyctjn/a-job-for-life.md?dl=0,Over half of all papal terms have lasted between two weeks and five years.,What is the range of duration for most of the papal terms?,1) Between two weeks and five years,"2) Six to ten years
3) Eleven to Fifteen years
4) Twenty five to Thirty years",Another version generated by ChatGPT: What is the percentage of papal terms that have lasted between two weeks and five years?,Over half of all papal terms have lasted between two weeks and five years.,What is the range of duration for most of the papal terms?
a-map-of-sloth,https://www.dropbox.com/s/ynfytunhjioeuku/a-map-of-sloth.md?dl=0,"Women in Russia, Croatia, Luxembourg, Greece and Iraq (to name a few) move more than their male counterparts.",In which of the following European countries do women tend to move more than men?,1) Luxembourg,"2) France
3) Spain
4) Italy",should add "European coutries" when generating the question,"Women in Russia, Croatia, Luxembourg, Greece and Iraq (to name a few) move more than their male counterparts.",In which of the following European countries do women tend to move more than men?
A spat over language erupts at the World Bank,https://www.dropbox.com/s/j4vugye5bhl4gr2/a-spat-over-language-erupts-at-the-world-bank.md?dl=0,"... analysed the language of the World Bank since its founding in the 1940s. Back then, the average report roughly met the 2.6% standard. By 2012, however, the conjunction took up about 6% of the words in its reports.",What is the tendency of conjunction usage in the language of World Bank reports? ,1) increasing,"2) decreasing
3) keep constant",ChatGPT answer: What was the percentage of conjunction usage in the language of World Bank reports in the 1940s compared to 2012,"... analysed the language of the World Bank since its founding in the 1940s. Back then, the average report roughly met the 2.6% standard. By 2012, however, the conjunction took up about 6% of the words in its reports.",What is the tendency of conjunction usage in the language of World Bank reports? 
A spat over language erupts at the World Bank,https://www.dropbox.com/s/j4vugye5bhl4gr2/a-spat-over-language-erupts-at-the-world-bank.md?dl=0,"n 2014 the Bank’s number-crunchers highlighted the unpopularity of its studies: of the 1,611 documents they assessed, 32% were never downloaded by anyone.",Which option is the closest to the percentage of World Bank studies that were never downloaded according to a 2014 assessment?,1) 30%,"2) 20%
3) 15%
4) 35%",,"n 2014 the Bank’s number-crunchers highlighted the unpopularity of its studies: of the 1,611 documents they assessed, 32% were never downloaded by anyone.",Which option is the closest to the percentage of World Bank studies that were never downloaded according to a 2014 assessment?
Absent friends,https://www.dropbox.com/s/stg8g7o1ojjyh3u/absent-friends.md?dl=0,"Emerging markets account for around half of global economic output but, given the continued process of deleveraging across the rich world, the IMF expects them to contribute over 80% of world GDP growth in 2012.",True/False: Emerging markets' contribution to global economic output met the IMF's expectation in 2012.,1) FALSE,"2) True
3) I don't know","ChatGPT version (can only repeat the number; cannot compare them and generate conclusion):

True or False: The IMF expects emerging markets to contribute over 80% of world GDP growth in 2012.","Emerging markets account for around half of global economic output but, given the continued process of deleveraging across the rich world, the IMF expects them to contribute over 80% of world GDP growth in 2012.",True/False: Emerging markets' contribution to global economic output met the IMF's expectation in 2012.
Academic papers,https://www.dropbox.com/s/c9zkspujl1mll3f/academic-papers.md?dl=0,"In 1973 around two-thirds of the 400,000 research publications indexed in the firm's ""Web of Knowledge"" databases came from the G7 rich-world countries (America, Britain, Canada, Japan, Germany, France and Italy). By 2011 that share had fallen to half of the 1.8m total",How did the research publications indexed in the firm's "Web of Knowledge" databases from the G7 countries change from 1973 to 2011?,1) increase in number and decrease in proportion,"2) increase in number and increase in proportion
3) decrease in number and increase in proportion
4) decrease in number and decrease in proportion
",not clear in the chart,"In 1973 around two-thirds of the 400,000 research publications indexed in the firm's ""Web of Knowledge"" databases came from the G7 rich-world countries (America, Britain, Canada, Japan, Germany, France and Italy). By 2011 that share had fallen to half of the 1.8m total",How did the research publications indexed in the firm's "Web of Knowledge" databases from the G7 countries change from 1973 to 2011?
easily-ahead,https://www.dropbox.com/home/econ/processed?preview=easily-ahead.md ,"America has one of the highest homicide rates in the developed world, at 4.8 per 100,000 people. ","What is the homicide rate in America, per 100,000?",1) 4.8 ,"2) 5.9
3) 8.2
4) 15.3",,"America has one of the highest homicide rates in the developed world, at 4.8 per 100,000 people. ","What is the homicide rate in America, per 100,000?"
easily-ahead,https://www.dropbox.com/home/econ/processed?preview=easily-ahead.md ,"While this is less than half what it was in 1980, the rates in the country's most murderous cities are nearly ten times that.",The homicide rate in 2010 is ___ compared to homicide rates in 1980.,1) half,"2) the same
3) double",snippet refers to "this" in previous sentence. graph doesn't include 1980s rates. ,"While this is less than half what it was in 1980, the rates in the country's most murderous cities are nearly ten times that.",The homicide rate in 2010 is ___ compared to homicide rates in 1980.
easily-ahead,https://www.dropbox.com/home/econ/processed?preview=easily-ahead.md ,"While this is less than half what it was in 1980, the rates in the country's most murderous cities are nearly ten times that.",The homicide rate in the most murderous cities are ___ the national average.,1) ten times,"2) five times
3) fifteen times",is there a better way to say "most murderous cities"?,"While this is less than half what it was in 1980, the rates in the country's most murderous cities are nearly ten times that.",The homicide rate in the most murderous cities are ___ the national average.
Accounting for time,https://www.dropbox.com/s/3c0nsxsjt1f3p8y/accounting-for-time.md?dl=0,Television accounts for the largest share of Americans' leisure time.,What is the most popular leisure time activity among Americans with a high school diploma and among those with a bachelor's degree or higher?,1) both TV,"2) TV and Relaxing/thinking
3) Sports/exercise and TV
4) Relaxing/thinking and Reading",Shown in the graph but not explicit in the snippet,Television accounts for the largest share of Americans' leisure time.,What is the most popular leisure time activity among Americans with a high school diploma and among those with a bachelor's degree or higher?
Accounting for time,https://www.dropbox.com/s/3c0nsxsjt1f3p8y/accounting-for-time.md?dl=0,"women get 11 minutes more kip a night than men do, and spend 29 more minutes cooking and clearing up. Men spend an extra four minutes a day eating and drinking, an extra 10 minutes exercising and eight more minutes mowing the lawn.","Compared to women, men spend less time __ and __  ",1) sleeping; cooking,"2) sleeping; eating
3) exercising; mowing the lawn
4) cooking; eating",might be hard to see in the graph,"women get 11 minutes more kip a night than men do, and spend 29 more minutes cooking and clearing up. Men spend an extra four minutes a day eating and drinking, an extra 10 minutes exercising and eight more minutes mowing the lawn.","Compared to women, men spend less time __ and __  "
ebay-20-years-of-trading,https://www.dropbox.com/home/econ/processed?preview=ebay-20-years-of-trading.md,"In 20 years, over $700 billion worth of goods (and enough cars to circle the moon four times) have been sold on eBay generating some $72 billion in revenue. ",How many dollars worth of goods have been sold on eBay in 20 years?,1) $700 billion,"2) 500 billion
3) 300 billion
4) 100 billion",The graph has nothing to do with the text here,"In 20 years, over $700 billion worth of goods (and enough cars to circle the moon four times) have been sold on eBay generating some $72 billion in revenue. ",How many dollars worth of goods have been sold on eBay in 20 years?
ebay-20-years-of-trading,https://www.dropbox.com/home/econ/processed?preview=ebay-20-years-of-trading.md,"In 20 years, over $700 billion worth of goods (and enough cars to circle the moon four times) have been sold on eBay generating some $72 billion in revenue. ",How much revenue has eBay generated in 20 years?,1) $72 billion,"2) 56 billion
3) 38 billion
4) 12 billion",The graph has nothing to do with the text here,"In 20 years, over $700 billion worth of goods (and enough cars to circle the moon four times) have been sold on eBay generating some $72 billion in revenue. ",How much revenue has eBay generated in 20 years?
Agnostic about gay marriage,https://www.dropbox.com/s/61d4ohuzjlvobi4/agnostic-about-gay-marriage.md?dl=0,"For the first time since the Pew Research Centre began conducting polls on the subject in 1995, fewer than half of Americans (48%) are opposed to gay marriage, while 42% are in favour.",Which option is the closest to the percentage of Americans in favor of gay marriage?,1) 40%,"2) 50%
3) 30%
4) 60%",,"For the first time since the Pew Research Centre began conducting polls on the subject in 1995, fewer than half of Americans (48%) are opposed to gay marriage, while 42% are in favour.",Which option is the closest to the percentage of Americans in favor of gay marriage?
Agnostic about gay marriage,https://www.dropbox.com/s/61d4ohuzjlvobi4/agnostic-about-gay-marriage.md?dl=0,"The most notable shift has been among white mainstream Protestants and Catholics, 49% of whom are now in favour, and that figure was even higher for those who attend church less than once a week.",Which group presents the most notable shift in terms of attitudes to gay marriage from 2008 to 2010?,1) white mainstream Protestants,"2) black Protestant
3) Hispanic Catholic
3) white evangelical Protestant",ChatGPT version: "What has been the change in the percentage of white mainstream Protestants and Catholics who are in favor of gay marriage over time","The most notable shift has been among white mainstream Protestants and Catholics, 49% of whom are now in favour, and that figure was even higher for those who attend church less than once a week.",Which group presents the most notable shift in terms of attitudes to gay marriage from 2008 to 2010?
emerging-market-cities,,SOME 52% of the world's population currently live in urban areas.,How much of the world's population currently live in urban areas?,52%,"49%
67%",,SOME 52% of the world's population currently live in urban areas.,How much of the world's population currently live in urban areas?
Energy consumption increased at a record rate in 2018,,"Robust global GDP growth of 3.7% last year caused energy demand to rise by some 2.3%, its fastest pace for a decade.",How much did global energy demand increase in 2018?,2.30%,"3.7%
4.9%
1.2%","GPT generated
HOW DID THEY KNOW IT WAS 2018","Robust global GDP growth of 3.7% last year caused energy demand to rise by some 2.3%, its fastest pace for a decade.",How much did global energy demand increase in 2018?
Enterprising Aussies,,"In an annual survey of global entrepreneurship, 54% of adult Australians said they were interested in starting their own business, compared with nearly 70% of Italians. But 19% of Australians actually began the process, the highest proportion of the 21 countries in the report, whereas only 3% of Italians did so.",What percentage of Italians started the process of starting their own business according to an annual survey of global entrepreneurship?,3%,19%,GPT generated,"In an annual survey of global entrepreneurship, 54% of adult Australians said they were interested in starting their own business, compared with nearly 70% of Italians. But 19% of Australians actually began the process, the highest proportion of the 21 countries in the report, whereas only 3% of Italians did so.",What percentage of Italians started the process of starting their own business according to an annual survey of global entrepreneurship?
Euro-area unemployment,,UNEMPLOYMENT in the euro area reached a record high in early 2013.,What was the record high unemployment rate in the euro area in 2013?,12%,"15%
19%","Interesting... I have been following a template of Snippet, Question, Answer... the previous GPT generation (above) gave me all three. This time it did not generate an Answer. ",UNEMPLOYMENT in the euro area reached a record high in early 2013.,What was the record high unemployment rate in the euro area in 2013?
"European xenophobia reflects racial diversity, not asylum",,There is no correlation between recent flows of refugees and increasing resentment of foreigners,True or False: There is a correlation between recent flows of refugees and increasing resentment of foreigners.,FALSE,TRUE,GPT generated: Is there a correlation between recent flows of refugees and increasing resentment of foreigners?... But this would be better framed as True/False,There is no correlation between recent flows of refugees and increasing resentment of foreigners,True or False: There is a correlation between recent flows of refugees and increasing resentment of foreigners.
Europe's irreligious,,"According to the latest European Social Survey conducted in 2008 and 2009, over 60% of Czechs say they never attend religious services, with the exception of “special occasions” such as marriages and christenings.","What percentage of Czechs say they never attend religious services, according to the latest European Social Survey?",60%,,GPT generated,"According to the latest European Social Survey conducted in 2008 and 2009, over 60% of Czechs say they never attend religious services, with the exception of “special occasions” such as marriages and christenings.","What percentage of Czechs say they never attend religious services, according to the latest European Social Survey?"
Even Britain’s youngsters have a cynical view of the EU,,"In the Brexit referendum last year, a mere 36% of 18- to 24-year-olds voted to leave the European Union, compared with 82% of those over 55.",What percentage of 18-24 year olds voted to leave the European Union in the Brexit referendum?,36%,82%,"GPT generated Questions, Answers, and Distractor","In the Brexit referendum last year, a mere 36% of 18- to 24-year-olds voted to leave the European Union, compared with 82% of those over 55.",What percentage of 18-24 year olds voted to leave the European Union in the Brexit referendum?
Executions are falling worldwide,,"The number of death sentences carried out worldwide fell by 30%, from 993 in 2017 to 690 last year, according to the latest annual count published by Amnesty International, a human-rights organisation.",What was the percentage decrease of death sentences carried out worldwide between 2017 and 2018 according to Amnesty International?,30%,25%,"GPT generated Questions, Answers, and Distractor","The number of death sentences carried out worldwide fell by 30%, from 993 in 2017 to 690 last year, according to the latest annual count published by Amnesty International, a human-rights organisation.",What was the percentage decrease of death sentences carried out worldwide between 2017 and 2018 according to Amnesty International?
Executive pay and performance,,"Currently, of the largest companies in America (those in the S&P 100), CEO pay has no correlation with either performance or market capitalisation.",What is the relationship between CEO pay and performance or market capitalisation of the largest companies in America?,No correlation,Positive correlation,"GPT generated Questions, Answers, and Distractor","Currently, of the largest companies in America (those in the S&P 100), CEO pay has no correlation with either performance or market capitalisation.",What is the relationship between CEO pay and performance or market capitalisation of the largest companies in America?
Expatriate rents,,"Rents for high-end flats of the type commonly let by expatriates are the most expensive in the world, at nearly $12,000 a month.","How much are rents for high-end flats in Hong Kong, on average?","$12,000 a month","$7,000 a month","GPT generated Questions, Answers, and Distractor","Rents for high-end flats of the type commonly let by expatriates are the most expensive in the world, at nearly $12,000 a month.","How much are rents for high-end flats in Hong Kong, on average?"
Faiths and the faithless,,"Among its many findings is that Jews and Buddhists make the biggest religious minorities, in the sense of living in a country where another religion is dominant.","What are the two biggest religious minorities, in terms of living in a country where another religion is dominant?",Jews and Buddhists,Christians and Hindus ,The chart has nothing to do with this text,"Among its many findings is that Jews and Buddhists make the biggest religious minorities, in the sense of living in a country where another religion is dominant.","What are the two biggest religious minorities, in terms of living in a country where another religion is dominant?"
Famine mortality,,"Earlier this month the United Nations estimated that 258,000 people died in the Somalia famine between October 2010 and April 2012.","How many people died in the Somalia famine between October 2010 and April 2012, according to the United Nations?","258,000","500,000, 2,580,000, 5,580,000","GPT generated Questions, Answers, and 3 Distractors","Earlier this month the United Nations estimated that 258,000 people died in the Somalia famine between October 2010 and April 2012.","How many people died in the Somalia famine between October 2010 and April 2012, according to the United Nations?"
,,"Using aggregated and anonymised data, the authors find that Americans with tightly clustered social networks comprised mainly of friends located within a short distance of their home tend to have lower incomes, lower levels of education and lower life expectancies. Those with more geographically dispersed social networks tend to be richer, more educated and healthier (see chart).",What do Americans with more geographically dispersed social networks tend to have?,Higher incomes,"Lower life expectancy, Lower levels of education","GPT generated slightly wrong grammar: What do Americans with more geographically dispersed social networks tend to have? Answer: Richer, more educated, and healthier

The question I generated is not the best","Using aggregated and anonymised data, the authors find that Americans with tightly clustered social networks comprised mainly of friends located within a short distance of their home tend to have lower incomes, lower levels of education and lower life expectancies. Those with more geographically dispersed social networks tend to be richer, more educated and healthier (see chart).",What do Americans with more geographically dispersed social networks tend to have?
Fat of the lands,,"The fattest countries are the United States and Mexico, where around a third of adults are obese. ",What percentage of adults are obese in the United States and Mexico?,33%,"25%, 20%, 45%","GPT generated Questions, Answers, and 3 Distractors","The fattest countries are the United States and Mexico, where around a third of adults are obese. ",What percentage of adults are obese in the United States and Mexico?
A sober brawl,,In 2010 a group of drug experts scored the total harm in Britain caused by 20 common intoxicants and concluded that alcohol inflicted the greatest cost,What intoxicant caused the greatest cost in Britain in 2010?,Alcohol,"Heroin, Ecstast, Tobacco","GPT answer: What intoxicant caused the greatest cost in Britain in 2010 according to a group of drug experts?
Seems to be slightly redundant",In 2010 a group of drug experts scored the total harm in Britain caused by 20 common intoxicants and concluded that alcohol inflicted the greatest cost,What intoxicant caused the greatest cost in Britain in 2010?
A sober brawl,,In 1999 alcohol firms invested half as much on lobbying in America as tobacco firms did. Today they spend 31% more,How much more does the alcohol industry spend on lobbying in America than the tobacco industry?,31%,"50%, 15%, 80%","GPT generated Questions, Answers, and Distractor",In 1999 alcohol firms invested half as much on lobbying in America as tobacco firms did. Today they spend 31% more,How much more does the alcohol industry spend on lobbying in America than the tobacco industry?
All pints east,,"And beer drinking in China is growing fast, by nearly 10% a year according to Credit Suisse's World Map of Beer.",What is the annual growth rate of beer drinking in China according to Credit Suisse's World Map of Beer?,10%,"5%, 7%, 15%","First GPT answer: What is the growth rate of beer consumption in China according to Credit Suisse's World Map of Beer?
Not include ""by X a year""","And beer drinking in China is growing fast, by nearly 10% a year according to Credit Suisse's World Map of Beer.",What is the annual growth rate of beer drinking in China according to Credit Suisse's World Map of Beer?
All that glitters is not gold,,"Buying up around a third of the world's silver supply, they pushed its price up from a low of $1.26 in 1971 to nearly $50 in 1980 ($140 in today's prices)",What was the gap between highest price of silver and lowest price from 1970 to 1980? ,around $50,"around $30, around $20, around $60",GPT is not good at comparing two numbers; can only generate questons focusing on one piece of information,"Buying up around a third of the world's silver supply, they pushed its price up from a low of $1.26 in 1971 to nearly $50 in 1980 ($140 in today's prices)",What was the gap between highest price of silver and lowest price from 1970 to 1980? 
All the phones in China,,"India is not far behind with over 900m mobile-phone subscriptions, according to figures from Chetan Sharma Consulting.","How many mobile phone subscriptions were there in India in 2012, according to Chetan Sharma Consulting?",900 million,"800 million, 500 million, 1 billion",add the year by hand,"India is not far behind with over 900m mobile-phone subscriptions, according to figures from Chetan Sharma Consulting.","How many mobile phone subscriptions were there in India in 2012, according to Chetan Sharma Consulting?"
American government workers are feeling the shutdown’s financial impact,,"Using data collected from a personal finance website, the authors found that the shutdown caused workers’ incomes to fall by about 23%, while spending dropped by 11%. ","How much did spending drop due to the government shutdown, according to data collected from a personal finance website?",11%,"23%, 7%, 5%",the x axis in the figures of this article is very confusing ,"Using data collected from a personal finance website, the authors found that the shutdown caused workers’ incomes to fall by about 23%, while spending dropped by 11%. ","How much did spending drop due to the government shutdown, according to data collected from a personal finance website?"
American inequality reflects gross incomes as much as taxes,,"By this measure at least, America’s tax system is in fact fairly progressive. It does roughly as much to reduce inequality as does Canada’s or Sweden’s (even though most European systems do more). ",How much does America's tax system reduce inequality relative to countries such as Canada and Sweden?,The same,"Less, More, A lot more",It seems that GPT generates a good comparison question for this snippet,"By this measure at least, America’s tax system is in fact fairly progressive. It does roughly as much to reduce inequality as does Canada’s or Sweden’s (even though most European systems do more). ",How much does America's tax system reduce inequality relative to countries such as Canada and Sweden?
American inequality reflects gross incomes as much as taxes,,"The difference in countries’ Gini coefficients after taxes and transfers correlates strongly with the economic weight of government. In France government spending accounts for 57% of GDP. America’s federal, state and local authorities spend just 35%. Although pre-tax inequality is almost as high in France as in America, the two countries look very different after taxes.",How does the economic weight of government correlate to the difference in countries' Gini coefficients after taxes and transfers?,Strongly,"Weakly, Moderately, Not at all","I regenerated a few times, but it seems that GPT is able to ""understand"" the relationship among sentences ","The difference in countries’ Gini coefficients after taxes and transfers correlates strongly with the economic weight of government. In France government spending accounts for 57% of GDP. America’s federal, state and local authorities spend just 35%. Although pre-tax inequality is almost as high in France as in America, the two countries look very different after taxes.",How does the economic weight of government correlate to the difference in countries' Gini coefficients after taxes and transfers?
American inequality reflects gross incomes as much as taxes,,"In contrast, countries with low pre-tax inequality, such as South Korea, manage to achieve low post-tax inequality without doing much by way of redistribution.",How is South Korea able to achieve low post-tax inequality without much redistribution?,Low pre-tax inequality,"Tax cuts, Government spending, Wealth redistribution",the generated distractors are interesting,"In contrast, countries with low pre-tax inequality, such as South Korea, manage to achieve low post-tax inequality without doing much by way of redistribution.",How is South Korea able to achieve low post-tax inequality without much redistribution?
American millennials think they will be rich,,Median household wealth in 2016 for 20- to 35 -year-olds was about 25% lower than it was for the similar-aged cohort in 2007.,How was the median household wealth for 20- to 35-year-olds in 2016 compared to 2007?,25% lower,"50% lower, 25% higher, 50% higher",slightly modify the grammar,Median household wealth in 2016 for 20- to 35 -year-olds was about 25% lower than it was for the similar-aged cohort in 2007.,How was the median household wealth for 20- to 35-year-olds in 2016 compared to 2007?
Americans’ perceptions of their country’s allies and enemies are hard to change,,"Britain is perceived to be America’s closest ally, with Americans rating it as somewhere between “ally” and “friendly”, on average.",How do Americans generally perceive Britain?,Somewhere between “ally” and “friendly”,"Unfriendly, Hostile, Neutral",,"Britain is perceived to be America’s closest ally, with Americans rating it as somewhere between “ally” and “friendly”, on average.",How do Americans generally perceive Britain?
Americans’ perceptions of their country’s allies and enemies are hard to change,,The largest partisan split in foreign relations is reserved for America’s southern neighbour. ,What country has the largest partisan split in foreign relations with America?,Mexico,"Canada, France, Britain",Sometimes GPT can replace "America's southern neighbour" with "Mexico" automatically,The largest partisan split in foreign relations is reserved for America’s southern neighbour. ,What country has the largest partisan split in foreign relations with America?
Americans’ perceptions of their country’s allies and enemies are hard to change,,"Voters’ perceptions of Mr Trump’s attitudes towards other countries tend to be starkly different from their own. ... In contrast, they see him as friendlier towards North Korea and Russia than they would appear to like.",How do voters perceive President Trump's attitude towards North Korea and Russia compared to their own?,Friendlier,"Unfriendlier, Hostile, Neutral",GPT might be more sensitive to numeric information,"Voters’ perceptions of Mr Trump’s attitudes towards other countries tend to be starkly different from their own. ... In contrast, they see him as friendlier towards North Korea and Russia than they would appear to like.",How do voters perceive President Trump's attitude towards North Korea and Russia compared to their own?
America’s economics profession still has a problem with diversity,,"The report, by Louise Sheiner, David Wessel and Michael Ng, finds that America’s government employs a more diverse array of economists than do its universities.",How does the diversity of economists employed by America's government compare to that employed by its universities?,More diverse,"Less diverse, Same diversity, Not applicable",,"The report, by Louise Sheiner, David Wessel and Michael Ng, finds that America’s government employs a more diverse array of economists than do its universities.",How does the diversity of economists employed by America's government compare to that employed by its universities?
America’s economics profession still has a problem with diversity,,"for example, why the Government Accountability Office should be the only agency that the authors find has a majority female share of its PhD economists. ",Which is the only agency that has a majority female share of its PhD economists?,Government Accountability Office,"Department of Education, Federal Reserve, Department of Labor",rephrase the generated question,"for example, why the Government Accountability Office should be the only agency that the authors find has a majority female share of its PhD economists. ",Which is the only agency that has a majority female share of its PhD economists?
America’s economics profession still has a problem with diversity,,"Just 12% of the economists employed at the San Francisco Federal Reserve are minorities, compared with 41% at the Philadelphia branch.",What is the difference in the percentage of minority economists employed at the San Francisco Federal Reserve and the Philadelphia branch?,29%,"12%, 41%, 53%",,"Just 12% of the economists employed at the San Francisco Federal Reserve are minorities, compared with 41% at the Philadelphia branch.",What is the difference in the percentage of minority economists employed at the San Francisco Federal Reserve and the Philadelphia branch?
America's gender wage gap,,"Only in the fields of ""stock clerks and order fillers"" and ""bookkeeping, accounting and auditing clerks"" did women make slightly more than their male counterparts.",In which fields do women make more than their male counterparts?,Stock clerks and order fillers,"Cashiers, Retail salespersons, Waiters and waitresses","the original GPT output: In which fields did women make slightly more than their male counterparts?Answer: Stock clerks and order fillers and bookkeeping, accounting and auditing clerks; Distractors: Secretaries and administrative assistants, Cashiers, Customer service representatives

cannot handle two answers","Only in the fields of ""stock clerks and order fillers"" and ""bookkeeping, accounting and auditing clerks"" did women make slightly more than their male counterparts.",In which fields do women make more than their male counterparts?
America's gender wage gap,,The gender wage gap (women's earnings as a percentage of men's) was most pronounced amongst CEOs and financial managers.,What job had the most pronounced gender wage gap in 2011?,Financial managers,"Cooks, Social workers, Retail salespersons",,The gender wage gap (women's earnings as a percentage of men's) was most pronounced amongst CEOs and financial managers.,What job had the most pronounced gender wage gap in 2011?
America’s global standing plummets under Donald Trump,,"A new survey by the Pew Research Centre of 40,447 people in 37 countries shows that trust in Mr Trump pales in comparison with Barack Obama’s final ratings. Of all the countries surveyed by Pew, Mr Trump’s worst ratings come from Mexico.",In which country did Mr Trump have his worst ratings according to a Pew Research Centre survey?,Mexico,"United States, Canada, France",the first sentence of the snippet is added by hand,"A new survey by the Pew Research Centre of 40,447 people in 37 countries shows that trust in Mr Trump pales in comparison with Barack Obama’s final ratings. Of all the countries surveyed by Pew, Mr Trump’s worst ratings come from Mexico.",In which country did Mr Trump have his worst ratings according to a Pew Research Centre survey?
America’s global standing plummets under Donald Trump,,"Even in countries where he is mostly despised, Mr Trump still found some support from those who share his ideology. Across Europe, people with favourable views of their hometown populist party have much higher appraisals for Mr Trump.",What group of people have the highest appraisals for Mr Trump in Europe?,People with favourable views of their hometown populist party,"People with favourable views of the United States, People with favourable views of the Republican Party, People with favourable views of  Conservative parties",,"Even in countries where he is mostly despised, Mr Trump still found some support from those who share his ideology. Across Europe, people with favourable views of their hometown populist party have much higher appraisals for Mr Trump.",What group of people have the highest appraisals for Mr Trump in Europe?
America’s segregated labour market,,"The fastest-growing industries in America are those that have long employed more women, such as health care and education.",Which feature do the fastest-growing industries in America have?,They employ more women,"They are high-tech industries, They require specialized knowledge, They are low-wage jobs",GPT cannot generate a question involving "women","The fastest-growing industries in America are those that have long employed more women, such as health care and education.",Which feature do the fastest-growing industries in America have?
America’s segregated labour market,,"In the 1960s, less than 10% of American doctors and lawyers were women. Today, the figure is closer to 40%. ",How has the percentage of American doctors and lawyers that are women changed from the 1960s to today?,increased around 30%,"increased around 50%, decreased around 10%, increased around 10%",,"In the 1960s, less than 10% of American doctors and lawyers were women. Today, the figure is closer to 40%. ",How has the percentage of American doctors and lawyers that are women changed from the 1960s to today?
An energised industry,,"Yet the biggest source of renewable electricity, hydropower, and the smallest, geothermal, both only added 3% to capacity. ",What was the largest source of renewable electricity in 2010?,Hydropower,"Solar, Wind, Geothermal",GPT will add "in 2018" automatically,"Yet the biggest source of renewable electricity, hydropower, and the smallest, geothermal, both only added 3% to capacity. ",What was the largest source of renewable electricity in 2010?
And God created,," Religion is a huge determinant: 67% of white evangelical protestants and half of black protestants are creationists, compared with only 15% among white, mainstream ","How many times more likely are white evangelical protestants to be creationists compared to white, mainstream protestants?",4.5 times,"2.5 times, 3 times, 5 times",added "how many times" by hand," Religion is a huge determinant: 67% of white evangelical protestants and half of black protestants are creationists, compared with only 15% among white, mainstream ","How many times more likely are white evangelical protestants to be creationists compared to white, mainstream protestants?"
